context,count
to remake resident evil 3 nemesis,2
give us resident evil 3 nemesis,2
not quite as good as nemesis from re3 nemesis but works,1
the timeline as it unfolds nemesis in the r p d,1
♥♥♥♥ like his humble counterpart nemesis also also why the ♥♥♥♥,1
"longer  despite re3 featuring nemesis his apparition is rather scripted",1
an annoying barrier to gameplay nemesis re3r,1
in the rpd not like nemesis in the resident evil 3,1
nemesis made me piss myself 10,1
the same limitation originally where nemesis could just be waited out,1
x ai as in re3r nemesis gets boring half way through,1
love getting gangbanged by the nemesis and a licker,1
x👍 he gentlemen not like nemesis i hate that big ass,1
too and acts more like nemesis than actual nemesis originally he,1
one i hate the stupid nemesis man i hate him grrrrr,1
"5 10  re 3 nemesis coming soon",1
terrifying and much better than nemesis because he is introduced after,1
a waste above all the nemesis system is a major improvement,1
kept that specifically for the nemesis and used that for 3,1
doors merging cells unexpectedly and nemesis in 3 chases you across,1
ve played re 1 and nemesis as a kid not so,1
me a lot more than nemesis ever did in the remake,1
did mr x good unlike nemesis,1
going quite fine until the nemesis appeared the gameplay was okay,1
"  at least with nemesis if you see him youre",1
content from the og re3 nemesis but i barely hear people,1
x s role is something nemesis would have benefited from in,1
re3 bcs i can watch nemesis but i ain t personally,1
how great both him and nemesis in re3 felt and speaking,1
linear structure and underutilization of nemesis in every way resident evil,1
hours in u telling me nemesis aint the biggest thing out,1
the nemesis is mr x,1
"this adds replayability  • nemesis mr x mr x is",1
dlc on steam and playing nemesis and whesker but after deciding,1
perfect warm up for the nemesis in re3 who gave me,1
chased by big daddy than nemesis,1
to equivalent sections in re3 nemesis i much prefer how that,1
kill the mini boss and nemesis and i died died and,1
slower dumber version of ps1 nemesis some of the enemies were,1
i enjoyed mr x and nemesis in their own ways by,1
mr x makes nemesis look soft also the fixed,1
immersive and genuinely scary when nemesis is relentlessly chasing you down,1
t panic panic is your nemesis in this game have fun,1
decent re game since re nemesis from the days of the,1
i absolutely love this game nemesis screwed me up a lot,1
slop re3 remake that made nemesis a wimp probablyy the best,1
b timed sections and the nemesis this was a kind of,1
"10 recommend better than the nemesis remake but tied with the",1
when do i fight nemesis,1
ironic that x behaves as nemesis did and nemesis in re3r,1
"reasons but especially regarding the nemesis   the additional content",1
mr x is cooler than nemesis,1
and more intense because of nemesis with than resident evil 2,1
verry good game i like nemesis,1
to being an even better nemesis in modern times than re3r,1
there and other joyful moments nemesis is coming run it is,1
periodic tendency for an absent nemesis to suddenly appear on top,1
remake 2 in many ways nemesis from remake 3 as an,1
memorable moments pretty much as nemesis in re3 remake to be,1
here he really feels like nemesis this time around way better,1
1 directors cut and re3 nemesis i never actually played the,1
much more fun far above nemesis from the re3 remake definitely,1
a good guy unlike gay nemesis from resident evil 3 i,1
but not limited to hunk nemesis mr x ♥♥♥♥♥♥♥ wesker of,1
not a fan of the nemesis style stalking creature i thought,1
couldn t be done with nemesis in re3 come on capcom,1
game 9 10 mr x nemesis,1
mr x has far exceeded nemesis from either the original or,1
matched with this really good nemesis main doesnt help my teammates,1
dull bland boring even the nemesis character seems to randomly appear,1
bastard mr x is meahhhhhh nemesis is the truest god there,1
way through i love the nemesis and playing as ada wong,1
re3 remake because going against nemesis made mr x feel pathetic,1
nemesis,1
t a r s omw nemesis,1
bedrohlicher da er eher wie nemesis programmiert wurde und jetzt ein,1
x is scarier than remake nemesis,1
with this saga was re3 nemesis back on those days i,1
piece the remake for re3 nemesis isn t bad but can,1
is far more terrifying than nemesis in resident evil 3 remake,1
into a licker and then nemesis prove the game can still,1
i completed resident evil 3 nemesis many times resident evil 2,1
do the same work with nemesis i am waiting for code,1
precinct and beyond not quite nemesis from resident evil 3 but,1
big check agonizing stalker unlike nemesis check amazing ost check fun,1
i like daddy nemesis,1
freakin scary nemesis ♥♥♥♥♥ or whatever did a,1
walk towards the red key nemesis shows up kicks your butt,1
i hope capcom release the nemesis update to resident evil 3,1
t any reward like with nemesis or even mr x in,1
even more than the remake nemesis because at least with william,1
made mr x better than nemesis,1
but now is replaced with nemesis on re3 i would highly,1
i want nemesis to step on my face,1
attacks are easy to dodge nemesis in resident evil 3 was,1
nemesis made me go potty,1
more than the original re3 nemesis is still my favorite re,1
though he isn t like nemesis he looks for you with,1
and the few sections where nemesis chases you is far more,1
as t 00 or tyrant nemesis was pretty good in my,1
fights with the main boss nemesis are actually pretty easy as,1
x is more annoying than nemesis very recommended for someone who,1
in expanding this concept to nemesis himself instead of being an,1
police station this feels like nemesis should have been r3make claire,1
yes i am aware of nemesis and that was brilliantly done,1
to figure how to defeat nemesis every time as a horror,1
the nemesis is annoying plus being at,1
am looking forward the re3 nemesis to be reborn like this,1
the resident evil games zero nemesis for those of you kids,1
one it also helped that nemesis did not really have a,1
introduced in 1998 with the nemesis game puzzles i got nothing,1
original resident evil 3 s nemesis yet unlike the eponymous beast,1
is ironically better than remake nemesis great game tho,1
we needs more of nemesis the big muster,1
so great i heard re3 nemesis remake wasn t as good,1
the cut content modes clocktower nemesis whose not even scary anymore,1
awesome game bring on nemesis,1
great game unlike re3 no nemesis who would like to pay,1
so badly with re 3 nemesis they had such an easy,1
drži pod tlakom viac ako nemesis v re3 remake inak tejto,1
horror game not uncharted with nemesis,1
tomorrow i please i let nemesis be as easily avoidable as,1
out cheers to the upcoming nemesis release,1
could be the most scary nemesis type character in any game,1
mr x is a ♥♥♥♥♥ nemesis is going to make me,1
survivors great for free new nemesis 100 more nose and scary,1
that complain about all the nemesis events being scripted apparently don,1
amazing game cannot wait for nemesis,1
of the resident evil 3 nemesis remake and hope to review,1
can t wait for re3 nemesis remake solid 8 10 and,1
ever seen even compared to nemesis in the original re3 the,1
highly recommend and hyped for nemesis,1
new ai set how would nemesis act on the upcoming remake,1
i just hope the nemesis will be longer than re,1
started playing re with the nemesis as a child i really,1
remake of resident evil 3 nemesis will turn out,1
no in lore hints towards nemesis,1
cant wait for re 3 nemesis,1
evil i played was re3 nemesis on playstation and then played,1
brad who was killed by nemesis in re3 and was something,1
deliver on that promise with nemesis but as it is re2remake,1
the franchise resident evil 3 nemesis hype,1
serves a roll similar to nemesis from re3 the hunter from,1
the original re2 the re3 nemesis holds a special place as,1
it i wanna fight 2 nemesis monsters in a 3 way,1
game can t wait for nemesis,1
that in resident evil 3 nemesis they dont change or leave,1
game can t wait for nemesis remake,1
wait to play re 3 nemesis when it will be reworked,1
remake cant wait for the nemesis to rock my ♥♥♥♥ in,1
a result we got re3 nemesis that has jill as the,1
little ♥♥♥♥♥ boy compared to nemesis,1
played looking forward to re3 nemesis in 2020,1
10 10 resident evil 3 nemesis,1
excited for a remake of nemesis which is rare as i,1
anticipating a resident evil 3 nemesis remake,1
they are going to skip nemesis and do a code veronica,1
the addition of a more nemesis like tyrant which i do,1
re 3 and fighting with nemesis,1
looking forward to jill and nemesis and i believe i won,1
i can t wait for nemesis remake,1
series waiting for re 3 nemesis remake,1
can t wait for a nemesis remake hope they ll also,1
see my good old friend nemesis again who made me feel,1
year for me roll on nemesis remake,1
wait for resident evil 3 nemesis to come out as the,1
amazingly good job bring on nemesis childhood fave,1
sight or sound of you nemesis chasing you relentlessly birkin not,1
likes of pennywise the clown nemesis thomas the tank engine and,1
re 3 nemesis remake pls,1
and remake code veronica and nemesis,1
the better except pls make nemesis ai smarter and more dangerous,1
i wait for the re3 nemesis remake edition recommend,1
nothing to be desired re3 nemesis remake cough cough stunning audiovisual,1
wait for resident evil 3 nemesis,1
are eager to the re3 nemesis,1
remake def looking forward to nemesis being redone,1
im looking at you re nemesis remake,1
i hope the re 3 nemesis remake rumour is true as,1
stalker similar to that of nemesis in re3 but he is,1
series and makes me hope nemesis is coming,1
now i want nemesis remake and pretty much all,1
epilogue in resident evil 3 nemesis and darkside chronicles show that,1
re make cannot wait for nemesis,1
ending leaves you wanting a nemesis remake,1
they do the same for nemesis,1
remake as well and if nemesis is anything like mr x,1
more from the series cough nemesis cough pick it up if,1
waiting for re3 nemesis remake,1
resident evil 3 nemesis when please,1
forward for resident evil 3 nemesis remake,1
them is resident evil 3 nemesis 3333 capcom you re the,1
bring more of re especially nemesis,1
evil 3 and fought against nemesis yeah this guy gives you,1
re i can see where nemesis is gonna come out and,1
nemesis waiting for you,1
s to hoping they remake nemesis,1
now remake resident evil 3 nemesis,1
now all together waiting for nemesis and remake of the fourth,1
and bakers were done nicely nemesis was hm different so not,1
we are waiting for re3 nemesis remake capcom please 3,1
now remake code veronica or nemesis plz,1
like a half assed re3 nemesis just showing up to annoy,1
the main series other than nemesis and the weird wii rail,1
can t wait for the nemesis remake,1
thing with resident evil 3 nemesis like please,1
remake if resident evil 3 nemesis gets treated same way re2,1
to announce resident evil 3 nemesis remake,1
remake of resident evil 3 nemesis cause i feel like its,1
is a welcome successor to nemesis lisa trevor and the baker,1
see a remake of re3 nemesis,1
me to review resident evil nemesis remake i will be missing,1
excellent now nemesis please,1
over into resident evil 3 nemesis as that will make for,1
inevitable remake of 3 with nemesis vs jill will be even,1
get a remake for re3 nemesis and maybe dino crisis loved,1
i cant wait for the nemesis remake for those already familiar,1
remake a game re 3 nemesis next please,1
now remake re3 nemesis pls,1
that if they do remaster nemesis they ll do as good,1
this for resident evil 3 nemesis pretty please as an old,1
still a great game re3 nemesis was a blast too but,1
4 waiting for re 3 nemesis remake,1
they ll be releasing re nemesis next year since this game,1
than the original imagine how nemesis would be for r3make overall,1
survive he reminds me of nemesis from re 3 although nemesis,1
please remaster resident evil 3 nemesis like you have done with,1
a believer capcom give me nemesis,1
to the resident evil 3 nemesis remake seriously capcom you have,1
hope they remake re 3 nemesis the same way they did,1
game so they ll remake nemesis cheers,1
1 re 2 re 3 nemesis re code veronica re 4,1
wait to actually having the nemesis breathing behind my neck as,1
test the water before introduce nemesis if when remake of re3,1
the game stalking you like nemesis in both a and b,1
2 13 	resident evil 3 nemesis 14 	resident evil dead aim,1
i need me my sexy nemesis pronz,1
this or even better for nemesis,1
excited for a re3 remake nemesis is gonna be even more,1
time for resident evil 3 nemesis remake for those of you,1
again can t wait for nemesis,1
only capcom would remake re3 nemesis like this,1
the american resident evil 3 nemesis the importance of the new,1
this release bring on the nemesis d 9 5 10,1
that capcom will give re nemesis the same treatment,1
playing the game mr x nemesis lvl1 hahahaha is a plus,1
i can get past that nemesis time,1
so we can run from nemesis can t wait for it,1
game please remake re 3 nemesis,1
i want an re 3 nemesis remake,1
you re reading this make nemesis happen,1
issues seriously no he s nemesis s more controlled and mature,1
waste ammo this is why nemesis encounters were so great in,1
a must buy bring on nemesis capcom best game of 2019,1
to give resident evil 3 nemesis the remake it deserves,1
chasing you like you could nemesis or the original mr x,1
forward to the remake of nemesis,1
an option with it also nemesis is an insta buy from,1
cake waiting for re 3 nemesis remake because that one is,1
sign up for the re3 nemesis treatment i had my doubts,1
give me resident evil 3 nemesis pros resident evil fun controller,1
i finally blossomed into the nemesis man fighting knife wielding battle,1
crisis or more re games nemesis would be great,1
re3 remake could be with nemesis redone despite those issues capcom,1
mr x to look like nemesis already and it s terrifying,1
remake the resident evil 3 nemesis capcom,1
now we need a re3 nemesis remake,1
remake of resident evil 3 nemesis the game features like the,1
old re s that being nemesis and if it turns out,1
re3 too i wanna meet nemesis in modern days at last,1
bad ☐ bad audience ☐ nemesis ☑ human ☐ teens ☐,1
the same thing to re3 nemesis edit i can safely say,1
it s time our boy nemesis pays us a visit again,1
bring re3 remake i bet nemesis would be more terrifying and,1
hope they succed in bringing nemesis and avoid him being too,1
can t wait to see nemesis remake resident evil 3 nemesis,1
forget about only creating re3 nemesis remake all re games going,1
puzzles can wait for re3 nemesis to come out stars,1
remake of resident evil 3 nemesis or if not make a,1
evil 2 resident evil 3 nemesis ps1 and this new masterpiece,1
game to what is essentially nemesis lite nemesis being the evolution,1
ask for resident evil 3 nemesis the remake,1
do a remake for re3 nemesis,1
s hoping we ll see nemesis in new age graphical glory,1
lakukan remake untuk re 3 nemesis dengan jill valentine untuk pc,1
they have to deal with nemesis s t a r s,1
job now let s see nemesis next 10 10,1
or hear about re 3 nemesis sometime later in the year,1
go for resident evil 3 nemesis,1
every way resident evil 3 nemesis remake needs to happen now,1
is a resident evil 3 nemesis remake with the same level,1
roots waiting forward for re3 nemesis remake and also dino crisis,1
the price resident evil 3 nemesis remake when haha,1
remake of resident evil 3 nemesis never stop making resident evil,1
capcom for this beautiful remake nemesis next,1
enjoyable i almost cried like nemesis on the 2nd movie remember,1
form of resident evil 3 nemesis remake if the suspense doesn,1
for another resident evil remake nemesis,1
than immediately working on re8 nemesis please,1
simple question release date of nemesis remake,1
a new game i hope nemesis is the next,1
this for resident evil 3 nemesis,1
directly make resident evil 3 nemesis remake,1
a masterpiece please remake re3 nemesis,1
ever cant wait remake re3 nemesis,1
more demand a remake of nemesis and they will see it,1
evil i played since re3 nemesis and it s superb everything,1
capcom remake resident evil 3 nemesis lol,1
next entires u i i nemesis i i code veronica i,1
to support capcom in hopes nemesis is next stop reading review,1
resident evil 3 remake imagine nemesis being there when mr x,1
road to resident evil 3 nemesis remake,1
the re3 remake and bringing nemesis my favorite re enemy back,1
resident evil hope they remake nemesis after 1 2 years omg,1
being chase by and qhd nemesis while saying stars would be,1
to a resident evil 3 nemesis remake you ve done a,1
res3 next i need the nemesis,1
love to see re 3 nemesis remake resident evil code veronica,1
hoping for resident evil 3 nemesis remake of this quality,1
forward the remake of re3 nemesis bring it on,1
take your time with the nemesis remake i need time for,1
can only imagine how intense nemesis will look in re engine,1
see how they ll recreate nemesis oh and i wouldn t,1
give us resident evil 3 nemesis remake,1
m already waiting for re3 nemesis i hope capcom will give,1
waiting for nemesis to happen,1
capcom remaking resident evil 3 nemesis in a similar fashion because,1
just buy it re3 nemesis next,1
are going to cry about nemesis when re3 remake comes out,1
and i hope that re3 nemesis will also get as good,1
really does remind me of nemesis from resident evil 3 the,1
let s hope that re3 nemesis gets the same treatment re2,1
should expect resident evil 3 nemesis remake,1
now give us re 3 nemesis remake now capcom,1
lots of death lets see nemesis and outbreak yeah first playthrough,1
we need resident evil 3 nemesis remake chop chop,1
and ps2 re2 and re3 nemesis were always my favourites and,1
he s got nothing on nemesis bring it on we do,1
scary wait till we get nemesis hopefully we do 11 10,1
re3 i want to see nemesis on this engine do i,1
please remake resident evil 3 nemesis ❤️❤️,1
hope we get to see nemesis and cv upgraded in a,1
coat clad tyrant pulling a nemesis and following you everywhere certainly,1
please remake re3 wanna kill nemesis,1
capcom looking forward to re3 nemesis,1
also please make re 3 nemesis remake,1
i would love to see nemesis done this way,1
can t wait to see nemesis and jill in the remake,1
resident evil 3 nemesis yes please,1
is much much greater than nemesis ever was he s the,1
like this resident evil 3 nemesis would be a nice start,1
worth the price waiting for nemesis,1
mr x a truely iconic nemesis in re 2 that stalks,1
heres hoping for re 3 nemesis,1
evil start with re 3 nemesis so re 2 is a,1
same treatment for resi 3 nemesis,1
very bad aggresiv and dangerous nemesis xd,1
question when is re 3 nemesis coming and make it exacly,1
game i got nightmare about nemesis,1
played please make re 3 nemesis remake happen it was my,1
will waiting for re 3 nemesis remake,1
we wait for the re3 nemesis remake,1
can now only imagine how nemesis being a more intelligent mr,1
took a few pages from nemesis and now stalks you through,1
up with a remake of nemesis from operation raccon city,1
already developing resident evil 3 nemesis if its this true i,1
and see a return of nemesis in the re engine sometime,1
classic game now i want nemesis code veronica redone in the,1
series my favorite being re3 nemesis my favorite resident evil game,1
on board next up re3 nemesis remake if you have any,1
along with resident evil 3 nemesis i was skeptical about the,1
sturdy more like this please nemesis next,1
waiting for resident evil 3 nemesis remake as mister x is,1
around the station by your nemesis the terrifying tyrant i mr,1
evil 3 remake just imagine nemesis chasing us around capcom need,1
them remaking resident evil 3 nemesis due to the success of,1
are reading this please remake nemesis soon i love the story,1
and with resident evil iii nemesis resident evil viii on the,1
just a ♥♥♥♥♥♥♥♥ version of nemesis a pointless forced stealth segment,1
a remake of re 3 nemesis or re code veronica the,1
and amazing work and remake nemesis as that is one of,1
remaking the resident evil 3 nemesis,1
i get that in re3 nemesis you were constantly pursued by,1
played um hope they remake nemesis re3,1
got the third resident evil nemesis but i have no doubt,1
will remake resident evil 3 nemesis imagine that remake would be,1
bring us resident evil 3 nemesis remake 9 10,1
more hyped for re 3 nemesis remake,1
bring on resident evil 3 nemesis remake,1
but he s exactly like nemesis was in re3 super annoying,1
point which dates back to nemesis and other games like silent,1
please i want to see nemesis in this ultra hd high,1
each dlc reside evil 3 nemesis dlc resident evil operation raccoon,1
job don t forget about nemesis,1
i hope capcom remakes re3 nemesis nonetheless since the majority of,1
do remake for re 3 nemesis with jill valentine the resident,1
remake and hoping for res3 nemesis remake to happen,1
should made resident evil 3 nemesis remake,1
imagine how insanely frightening a nemesis in a remake could be,1
10 10 resident evil 3 nemesis now we all waiting for,1
have gunpowder mixing from re3 nemesis defensive items from re hd,1
i want them to remake nemesis next,1
with hope they make re3 nemesis as well,1
other re entries such as nemesis outbreak and code veronica it,1
ultimate trenchcoat toting badass re3 nemesis t 103 s older more,1
remastered version of resident evil nemesis and code veronica are true,1
mr x now is like nemesis from re3 and you wanna,1
capcom outstanding now lets see nemesis and maybe code veronica wallet,1
i would love to see nemesis with life like graphics and,1
capcom do for re 3 nemesis code veronica too,1
to expect resident evil 3 nemesis soon cause ♥♥♥ sake i,1
update capcom pls give re3 nemesis remake,1
ll give resident evil 3 nemesis the same treatment,1
explore without having an wannabe nemesis being an annoying ♥♥♥♥♥♥♥ edit,1
wait for resident evil 3 nemesis the struggle is real,1
5 edit capcom says re nemesis possible if fans want it,1
we got resident evil 3 nemesis this was good and if,1
for re 3 remake with nemesis in the re engine rate,1
weapons too just waiting re3 nemesis and who knows maybe re,1
the future we will see nemesis and dino crisis remade like,1
s get resident evil 3 nemesis remade capcom,1
is stalking me like only nemesis did before him,1
we need resident evil 3 nemesis remake,1
even better resident evil 3 nemesis,1
using this same engine re3 nemesis and dino crisis thank you,1
to see resident evil 3 nemesis soon remade with the re,1
this or comnig up against nemesis would be incredible oh and,1
i cant wait for re3 nemesis remake 10 10,1
what you could do with nemesis specs ryzen 5 2600x at,1
can only imagine what the nemesis is gonna be like in,1
take under consideration remaking re3 nemesis and please don t change,1
x is way better than nemesis turned out to be,1
take the place of re3 nemesis,1
will it take for a nemesis remake,1
i used to play re3 nemesis long time ago don t,1
their older games re 3 nemesis re4 dino crisis etc on,1
t wait to see re3 nemesis in high res,1
time hopefully resident evil 3 nemesis is up next,1
you just remake re 3 nemesis wanna play againts nemesis with,1
you at this give us nemesis and dino 1 2 pretty,1
classic game along with re3 nemesis and we were scared the,1
b itch holy fuc k nemesis is childs play against him,1
green light for remake re3 nemesis and dino crisis with the,1
have impressed me please develop nemesis next and scare the out,1
definately remake resident evil 3 nemesis especially with how great the,1
them want to remake re3 nemesis surely,1
atmosphere looking foward for re nemesis remake the only thing i,1
